{"cameraMode":{"drawMode":0,"name":"Shaded","section":"Shading Mode"},"sceneLighting":true,"audioPlay":false,"sceneViewState":{"showFog":true,"showMaterialUpdate":true,"showSkybox":false,"showFlares":true,"showImageEffects":true,"showParticleSystems":true},"in2DMode":false,"pivot":{"x":470.423095703125,"y":296.7917785644531,"z":180.87353515625},"rotation":{"x":-0.037257786840200427,"y":-0.9364331960678101,"z":0.3327222466468811,"w":-0.10495522618293762},"size":403.4312438964844,"orthographic":false}